id,label,bbox
861.png,"[3, 3, 3]","[[833, 170, 936, 274], [630, 454, 723, 538], [2354, 1768, 2441, 1860]]"
456.png,"[4, 4, 4]","[[1339, 696, 1502, 803], [1642, 657, 1746, 795], [1, 1141, 74, 1301]]"
482.png,"[4, 4, 4, 4, 4]","[[832, 413, 978, 520], [2111, 673, 2217, 796], [2755, 822, 2879, 946], [1293, 1659, 1421, 1781], [614, 1579, 736, 1665]]"
946.png,"[2, 2, 2, 2]","[[1454, 991, 1535, 1069], [2028, 1079, 2099, 1155], [2668, 455, 2742, 534], [589, 1853, 683, 1940]]"
768.png,"[3, 3]","[[490, 913, 614, 1011], [2811, 520, 2872, 626]]"
582.png,"[1, 1, 1, 1, 1]","[[1522, 666, 1561, 700], [1458, 1016, 1494, 1061], [1050, 1289, 1090, 1335], [846, 1301, 879, 1337], [675, 1320, 709, 1355]]"
450.png,"[4, 4, 4, 4, 4]","[[599, 711, 703, 857], [475, 1634, 628, 1722], [1702, 1698, 1803, 1860], [1168, 1979, 1273, 2047], [1580, 1968, 1727, 2047]]"
858.png,"[3, 3]","[[403, 729, 483, 867], [2637, 248, 2764, 332]]"
755.png,"[5, 5]","[[623, 842, 821, 1015], [537, 947, 694, 1097]]"
943.png,"[2, 2]","[[1649, 225, 1713, 286], [1679, 279, 1751, 354]]"
801.png,"[3, 3]","[[151, 165, 245, 281], [1535, 1405, 1627, 1530]]"
589.png,"[1, 1, 1]","[[717, 248, 758, 289], [2170, 1407, 2211, 1442], [1539, 175, 1571, 205]]"
513.png,"[4, 4, 4, 4, 4]","[[230, 958, 360, 1064], [537, 636, 702, 717], [1068, 510, 1175, 657], [1421, 411, 1574, 568], [1694, 1, 1836, 57]]"
883.png,"[2, 2, 2, 2]","[[1339, 293, 1418, 363], [2771, 393, 2833, 476], [2421, 1645, 2489, 1725], [1212, 6, 1335, 36]]"
928.png,"[2, 2, 2]","[[1093, 397, 1165, 483], [904, 859, 992, 954], [1461, 719, 1545, 805]]"
619.png,"[1, 1, 1, 1, 1, 1]","[[830, 38, 872, 78], [2509, 360, 2544, 386], [1687, 121, 1716, 150], [1885, 1662, 1928, 1707], [1541, 1282, 1578, 1314], [495, 1968, 522, 1990]]"
535.png,"[4, 4]","[[392, 897, 502, 1029], [2179, 1006, 2318, 1140]]"
933.png,"[2, 2]","[[808, 1641, 898, 1735], [2569, 1607, 2652, 1691]]"
696.png,"[5, 5]","[[426, 1023, 573, 1168], [1606, 1689, 1749, 1839]]"
478.png,"[4, 4, 4]","[[1414, 384, 1547, 541], [736, 1831, 918, 1950], [2701, 1817, 2835, 1963]]"
650.png,"[1, 1, 1, 1, 1, 1, 1, 1, 1, 1, 1, 1]","[[1230, 294, 1266, 337], [1278, 429, 1319, 469], [2552, 525, 2591, 562], [2490, 257, 2528, 292], [2499, 1580, 2541, 1625], [2434, 1558, 2475, 1594], [2345, 1534, 2380, 1572], [2389, 1430, 2429, 1469], [1587, 1829, 1623, 1866], [882, 1625, 923, 1669], [1101, 1697, 1136, 1731], [768, 1896, 808, 1940]]"
579.png,"[1, 1, 1, 1, 1, 1, 1, 1]","[[733, 1694, 783, 1748], [1140, 1472, 1174, 1511], [1975, 1461, 2011, 1502], [1495, 1554, 1528, 1589], [1535, 1155, 1572, 1194], [978, 444, 1014, 484], [708, 262, 757, 304], [1852, 58, 1894, 98]]"
808.png,"[3, 3]","[[428, 403, 563, 495], [764, 76, 841, 207]]"
603.png,"[1, 1, 1, 1, 1, 1]","[[2202, 197, 2245, 241], [2104, 264, 2156, 307], [610, 145, 655, 188], [1491, 1429, 1531, 1469], [769, 1438, 809, 1479], [1311, 1812, 1347, 1850]]"
497.png,"[4, 4]","[[1383, 449, 1550, 536], [1723, 479, 1855, 646]]"
810.png,"[3, 3]","[[1583, 859, 1736, 948], [2469, 1612, 2594, 1691]]"
637.png,"[1, 1, 1, 1]","[[431, 397, 481, 445], [869, 576, 913, 617], [222, 1186, 252, 1219], [1614, 1784, 1654, 1822]]"
730.png,"[5, 5, 5, 5]","[[2363, 688, 2538, 859], [2123, 1314, 2273, 1467], [884, 1243, 1004, 1367], [353, 1568, 526, 1722]]"
647.png,"[1, 1, 1, 1, 1, 1]","[[348, 107, 394, 151], [214, 535, 258, 575], [1598, 23, 1638, 72], [403, 1340, 447, 1378], [1939, 1415, 1976, 1455], [2809, 2010, 2838, 2045]]"
723.png,"[7, 5]","[[28, 334, 192, 493], [2747, 1902, 2864, 2018]]"
567.png,"[1, 1, 1, 1, 1, 1, 1, 1]","[[955, 626, 986, 658], [796, 966, 832, 1000], [1315, 1117, 1367, 1161], [1330, 1158, 1379, 1201], [1362, 1524, 1401, 1559], [1914, 1341, 1950, 1387], [2090, 1273, 2128, 1311], [2556, 779, 2594, 822]]"
935.png,"[2, 2, 2, 2, 2]","[[1295, 67, 1375, 141], [2309, 120, 2389, 203], [1122, 636, 1208, 729], [1120, 1630, 1217, 1710], [845, 1719, 927, 1792]]"
602.png,"[1, 1, 1, 1, 1, 1, 1, 1]","[[825, 22, 853, 55], [72, 989, 109, 1025], [907, 1073, 947, 1106], [798, 1223, 837, 1255], [92, 1774, 122, 1808], [1139, 1658, 1184, 1697], [2349, 1356, 2386, 1393], [2207, 1834, 2246, 1874]]"
471.png,"[4, 4, 4, 4, 4]","[[759, 236, 883, 379], [1104, 246, 1251, 341], [895, 481, 1017, 649], [159, 1462, 261, 1627], [1007, 1608, 1122, 1757]]"
558.png,"[1, 1, 1, 1, 1, 1]","[[1745, 191, 1784, 228], [1588, 210, 1625, 240], [2122, 433, 2172, 474], [1457, 636, 1488, 665], [980, 1096, 1020, 1139], [2352, 1630, 2385, 1663]]"
844.png,"[3, 3]","[[1503, 457, 1618, 572], [1749, 1762, 1849, 1913]]"
495.png,"[4, 4, 4, 4]","[[1089, 391, 1209, 510], [2509, 129, 2620, 286], [730, 1197, 884, 1319], [2325, 1064, 2468, 1191]]"
669.png,"[5, 5, 5, 5, 5]","[[647, 787, 861, 997], [853, 867, 1002, 1013], [681, 974, 937, 1159], [647, 1114, 767, 1225], [534, 1189, 692, 1338]]"
909.png,"[2, 2, 2, 2]","[[299, 563, 387, 645], [1175, 296, 1269, 379], [507, 845, 597, 931], [1637, 778, 1730, 851]]"
536.png,"[4, 4, 4, 4, 4]","[[1347, 334, 1480, 492], [2350, 850, 2526, 978], [2552, 895, 2684, 987], [21, 1960, 111, 2045], [104, 1981, 201, 2047]]"
831.png,"[3, 3]","[[1844, 378, 1931, 453], [1732, 1372, 1897, 1468]]"
646.png,"[1, 1, 1, 1, 1, 1, 1, 1, 1, 1]","[[13, 48, 39, 82], [364, 248, 407, 294], [622, 193, 659, 232], [856, 288, 889, 326], [1394, 401, 1434, 438], [236, 1382, 272, 1413], [1036, 1298, 1075, 1344], [1027, 1264, 1069, 1303], [1745, 1277, 1783, 1313], [2658, 266, 2691, 298]]"
921.png,"[2, 2, 2, 2, 2]","[[689, 340, 773, 415], [2135, 679, 2220, 757], [2617, 1179, 2697, 1250], [2368, 1783, 2465, 1874], [112, 1297, 189, 1381]]"
897.png,"[2, 2, 2, 2]","[[578, 317, 661, 397], [2104, 962, 2175, 1064], [933, 1781, 1036, 1855], [2264, 1641, 2350, 1717]]"
682.png,"[7, 7, 7, 7, 5, 5, 7, 7, 7, 5, 5]","[[1374, 1107, 1549, 1283], [841, 1545, 951, 1667], [674, 1609, 884, 1814], [711, 1793, 839, 1903], [802, 1865, 957, 2019], [579, 1818, 693, 1958], [377, 1718, 516, 1808], [471, 1778, 572, 1890], [1604, 1255, 1737, 1354], [1517, 938, 1630, 1068], [1618, 1168, 1694, 1233]]"
712.png,"[7, 7, 7, 5, 5]","[[719, 1169, 844, 1299], [866, 1330, 1003, 1484], [536, 1863, 718, 2018], [321, 1764, 446, 1889], [1044, 1539, 1167, 1660]]"
872.png,"[2, 2]","[[952, 902, 1041, 989], [195, 1591, 277, 1683]]"
767.png,[3],"[[1526, 1122, 1658, 1226]]"
856.png,"[3, 3]","[[296, 920, 401, 989], [1509, 1502, 1601, 1604]]"
677.png,[7],"[[1564, 1290, 1754, 1465]]"
750.png,[7],"[[319, 729, 444, 909]]"
965.png,"[2, 2]","[[1264, 317, 1365, 419], [2352, 684, 2428, 779]]"
961.png,"[2, 2]","[[461, 1648, 559, 1740], [2508, 740, 2579, 815]]"
705.png,"[7, 7, 5, 6]","[[1993, 1005, 2124, 1150], [2106, 1120, 2264, 1293], [1897, 1198, 1993, 1288], [1998, 1138, 2101, 1255]]"
461.png,"[4, 4, 4]","[[1094, 520, 1201, 620], [1082, 631, 1165, 787], [883, 887, 983, 1045]]"
585.png,"[1, 1, 1, 1, 1]","[[780, 825, 824, 867], [667, 1321, 701, 1354], [2323, 944, 2359, 986], [1540, 1363, 1579, 1404], [2595, 1643, 2628, 1674]]"
747.png,"[5, 7]","[[93, 32, 226, 152], [2676, 408, 2812, 548]]"
949.png,"[2, 2]","[[532, 440, 625, 519], [1275, 691, 1346, 767]]"
805.png,"[3, 3]","[[101, 1744, 245, 1822], [2788, 630, 2879, 721]]"
515.png,"[4, 4, 4]","[[421, 965, 544, 1081], [1773, 278, 1879, 476], [13, 1891, 142, 2017]]"
840.png,"[3, 3]","[[459, 697, 559, 803], [1717, 1326, 1893, 1410]]"
630.png,"[1, 1, 1, 1, 1, 1, 1, 1, 1]","[[1720, 85, 1755, 115], [1948, 588, 1984, 624], [1592, 664, 1631, 700], [1027, 923, 1062, 957], [1150, 1412, 1184, 1444], [1776, 1761, 1810, 1793], [1472, 1902, 1510, 1940], [2229, 1810, 2262, 1841], [2084, 2015, 2119, 2042]]"
641.png,"[1, 1, 1, 1, 1, 1, 1, 1, 1]","[[257, 1346, 298, 1384], [69, 1128, 102, 1161], [195, 770, 227, 803], [1381, 108, 1408, 134], [663, 194, 691, 222], [2726, 467, 2762, 504], [2546, 955, 2589, 997], [1813, 1652, 1856, 1687], [2026, 1944, 2060, 1982]]"
929.png,"[2, 2, 2]","[[1692, 1012, 1788, 1116], [2327, 1030, 2412, 1124], [292, 1349, 358, 1434]]"
440.png,"[0, 0, 0, 0, 0, 0]","[[1920, 215, 2020, 263], [1657, 526, 1753, 567], [920, 948, 985, 1013], [1040, 1522, 1120, 1624], [896, 1691, 942, 1776], [2718, 1637, 2807, 1728]]"
718.png,"[7, 5]","[[2222, 94, 2369, 219], [2436, 1743, 2594, 1903]]"
614.png,"[1, 1, 1, 1]","[[1735, 757, 1785, 804], [1466, 1359, 1514, 1409], [814, 1313, 859, 1361], [2098, 1146, 2142, 1180]]"
832.png,[3],"[[2142, 903, 2268, 997]]"
739.png,[7],"[[1526, 728, 1673, 879]]"
439.png,"[0, 0, 0, 0, 0, 0, 0, 0, 0]","[[516, 570, 635, 620], [901, 626, 966, 761], [1301, 428, 1394, 554], [2042, 2, 2157, 80], [2322, 1304, 2448, 1380], [1292, 1094, 1359, 1237], [774, 980, 853, 1096], [533, 1185, 631, 1233], [881, 1854, 951, 2039]]"
821.png,"[3, 3, 3]","[[2483, 928, 2592, 998], [1740, 1054, 1809, 1167], [416, 530, 483, 639]]"
520.png,"[4, 4, 4]","[[935, 172, 1047, 276], [1382, 821, 1490, 955], [2032, 1838, 2137, 1998]]"
942.png,"[2, 2]","[[1670, 672, 1771, 759], [2304, 996, 2397, 1088]]"
472.png,"[4, 4]","[[1351, 711, 1513, 858], [2498, 1738, 2650, 1907]]"
830.png,[3],"[[1192, 848, 1368, 924]]"
948.png,"[2, 2, 2]","[[823, 1036, 906, 1116], [1890, 710, 1968, 796], [2408, 1287, 2470, 1364]]"
434.png,"[0, 0, 0, 0, 0]","[[177, 1270, 253, 1380], [777, 130, 853, 272], [1144, 480, 1274, 565], [1131, 541, 1259, 639], [1746, 1733, 1814, 1887]]"
432.png,"[0, 0, 0, 0, 0]","[[735, 1554, 824, 1633], [1266, 1500, 1327, 1598], [2211, 835, 2309, 944], [2429, 585, 2559, 680], [2303, 122, 2359, 252]]"
868.png,"[2, 2, 2, 2]","[[182, 703, 268, 788], [620, 943, 709, 1040], [1852, 1576, 1926, 1651], [2512, 1545, 2607, 1645]]"
577.png,"[1, 1, 1, 1, 1, 1, 1, 1, 1, 1]","[[548, 27, 583, 57], [1520, 494, 1547, 525], [1261, 1009, 1302, 1047], [412, 1093, 452, 1133], [960, 1688, 994, 1725], [1414, 1986, 1450, 2021], [167, 1993, 212, 2034], [2265, 1483, 2306, 1532], [1798, 1862, 1826, 1893], [2294, 476, 2328, 506]]"
700.png,[7],"[[1753, 657, 1864, 780]]"
706.png,"[5, 5, 6, 6, 6, 6]","[[401, 1155, 561, 1319], [608, 1014, 782, 1185], [786, 1059, 838, 1098], [785, 1093, 844, 1113], [788, 1112, 869, 1138], [768, 1142, 847, 1183]]"
762.png,[3],"[[1814, 1348, 2007, 1417]]"
815.png,"[3, 3]","[[1109, 417, 1213, 550], [1589, 1279, 1678, 1383]]"
498.png,"[4, 4]","[[20, 105, 116, 262], [1542, 1858, 1673, 2019]]"
896.png,"[2, 2]","[[1446, 930, 1539, 1038], [2531, 174, 2623, 255]]"
854.png,"[3, 3]","[[2007, 1826, 2120, 1889], [1455, 428, 1559, 504]]"
538.png,"[4, 4, 4, 4]","[[1131, 521, 1290, 643], [1475, 1222, 1589, 1351], [250, 1358, 360, 1501], [2037, 1551, 2165, 1731]]"
907.png,"[2, 2]","[[726, 479, 818, 555], [2507, 367, 2611, 462]]"
607.png,"[1, 1, 1, 1, 1, 1, 1, 1, 1, 1]","[[503, 109, 539, 137], [913, 651, 947, 688], [866, 1708, 909, 1753], [851, 956, 882, 988], [1797, 393, 1837, 422], [1770, 847, 1808, 881], [1893, 856, 1931, 900], [1332, 1773, 1365, 1817], [2732, 1085, 2767, 1126], [2653, 1995, 2700, 2040]]"
796.png,"[3, 3]","[[175, 381, 297, 484], [1039, 425, 1164, 507]]"
481.png,"[4, 4, 4]","[[385, 706, 558, 869], [1059, 983, 1218, 1106], [1090, 1103, 1270, 1234]]"
906.png,"[2, 2, 2, 2, 2]","[[1147, 0, 1245, 51], [931, 624, 1012, 715], [2447, 849, 2532, 940], [1760, 1802, 1855, 1879], [2473, 1719, 2565, 1791]]"
736.png,"[7, 7]","[[2222, 17, 2368, 134], [1032, 1760, 1178, 1889]]"
581.png,"[1, 1, 1, 1, 1, 1]","[[514, 1592, 574, 1648], [1190, 1181, 1247, 1235], [1805, 1374, 1851, 1419], [1997, 1682, 2045, 1731], [1771, 190, 1804, 219], [2173, 405, 2216, 442]]"
500.png,"[4, 4]","[[2287, 53, 2444, 178], [1204, 1565, 1332, 1727]]"
469.png,"[4, 4, 4, 4]","[[546, 113, 640, 295], [1059, 1231, 1136, 1381], [1511, 1131, 1679, 1216], [1161, 1351, 1284, 1507]]"
772.png,[3],"[[485, 1665, 570, 1798]]"
761.png,"[3, 3]","[[325, 748, 426, 877], [1751, 1579, 1861, 1712]]"
436.png,"[0, 0, 0, 0, 0, 0, 0]","[[779, 150, 883, 220], [1164, 185, 1235, 315], [1057, 839, 1142, 965], [2653, 878, 2766, 950], [1398, 1254, 1498, 1372], [1946, 1426, 2011, 1544], [792, 1887, 927, 1941]]"
893.png,"[2, 2]","[[964, 824, 1056, 891], [1497, 1031, 1590, 1111]]"
766.png,"[3, 3, 3]","[[414, 880, 485, 996], [253, 476, 322, 589], [557, 1480, 620, 1594]]"
731.png,"[6, 5]","[[1547, 184, 1703, 357], [2496, 1855, 2659, 2025]]"
511.png,"[4, 4, 4, 4, 4, 4]","[[265, 522, 406, 664], [649, 296, 766, 450], [939, 487, 1050, 638], [1484, 741, 1570, 838], [640, 964, 779, 1111], [52, 873, 183, 1016]]"
546.png,"[4, 4]","[[773, 163, 885, 329], [794, 965, 939, 1120]]"
722.png,[7],"[[1008, 869, 1169, 1024]]"
489.png,"[4, 4, 4, 4, 4, 4, 4]","[[146, 289, 311, 408], [687, 670, 835, 792], [1036, 757, 1199, 893], [1188, 616, 1318, 725], [509, 1263, 623, 1403], [932, 1557, 1051, 1687], [2149, 1605, 2252, 1758]]"
855.png,"[3, 3]","[[2557, 748, 2622, 865], [370, 135, 494, 224]]"
601.png,"[1, 1, 1, 1, 1]","[[1058, 91, 1092, 122], [1680, 792, 1723, 834], [652, 400, 693, 442], [179, 985, 219, 1026], [2017, 1735, 2046, 1766]]"
849.png,[3],"[[726, 1301, 860, 1383]]"
732.png,"[7, 7]","[[2017, 283, 2154, 410], [1957, 380, 2108, 507]]"
802.png,[3],"[[501, 1887, 594, 2024]]"
626.png,"[1, 1, 1]","[[2194, 1468, 2233, 1496], [2082, 1324, 2139, 1375], [1645, 1172, 1686, 1215]]"
435.png,"[0, 0, 0]","[[487, 559, 603, 641], [1235, 1078, 1327, 1157], [924, 1785, 1044, 1902]]"
944.png,"[2, 2, 2, 2]","[[344, 344, 423, 420], [1487, 1376, 1571, 1467], [2622, 506, 2708, 583], [266, 1708, 349, 1793]]"
816.png,"[3, 3]","[[685, 186, 795, 288], [2279, 964, 2431, 1051]]"
549.png,"[1, 1, 1, 1, 1, 1, 1, 1, 1, 1, 1, 1, 1]","[[25, 46, 60, 76], [243, 307, 272, 338], [546, 110, 570, 134], [1096, 376, 1137, 414], [473, 1871, 516, 1911], [912, 1542, 942, 1572], [956, 1517, 996, 1556], [1267, 1386, 1305, 1423], [1531, 1325, 1560, 1353], [2104, 732, 2143, 760], [2463, 1422, 2502, 1460], [2005, 1832, 2043, 1866], [1946, 2000, 1970, 2027]]"
522.png,[4],"[[378, 1212, 552, 1365]]"
748.png,[7],"[[2051, 1103, 2192, 1255]]"
485.png,"[4, 4, 4]","[[326, 1591, 499, 1738], [2317, 1169, 2468, 1282], [2735, 1339, 2847, 1498]]"
509.png,"[4, 4]","[[835, 772, 992, 934], [1495, 1495, 1630, 1672]]"
570.png,"[1, 1, 1, 1, 1, 1, 1, 1, 1]","[[1191, 268, 1223, 300], [352, 1206, 390, 1242], [886, 1079, 930, 1121], [1224, 801, 1267, 841], [1556, 1199, 1600, 1241], [1790, 1947, 1838, 1997], [1417, 1920, 1451, 1952], [1325, 1927, 1357, 1956], [535, 1888, 568, 1922]]"
791.png,"[3, 3]","[[904, 515, 1028, 602], [1183, 805, 1301, 940]]"
955.png,"[2, 2]","[[331, 841, 414, 938], [873, 959, 942, 1026]]"
899.png,"[2, 2]","[[477, 1370, 556, 1457], [1501, 1181, 1574, 1257]]"
470.png,"[4, 4, 4]","[[974, 482, 1120, 602], [2514, 84, 2687, 203], [2126, 1700, 2287, 1808]]"
951.png,"[2, 2, 2]","[[51, 317, 132, 397], [1456, 910, 1544, 986], [1613, 1858, 1687, 1930]]"
568.png,"[1, 1]","[[422, 659, 460, 693], [2362, 872, 2408, 920]]"
592.png,"[1, 1, 1, 1, 1]","[[625, 1922, 663, 1962], [400, 1281, 437, 1322], [775, 736, 816, 774], [1296, 465, 1338, 510], [1598, 175, 1650, 217]]"
616.png,"[1, 1, 1, 1]","[[48, 94, 99, 139], [2523, 1040, 2565, 1081], [2492, 1357, 2544, 1409], [2039, 1530, 2094, 1577]]"
846.png,"[3, 3, 3, 3]","[[809, 401, 940, 536], [1670, 555, 1774, 660], [2774, 1031, 2842, 1149], [484, 1457, 565, 1581]]"
939.png,"[2, 2]","[[1254, 708, 1327, 777], [1373, 1513, 1439, 1607]]"
573.png,"[1, 1, 1, 1, 1, 1, 1, 1, 1, 1, 1, 1, 1]","[[240, 314, 276, 351], [640, 531, 675, 567], [898, 777, 927, 806], [63, 884, 99, 913], [1363, 220, 1402, 252], [1977, 331, 2005, 360], [2226, 335, 2262, 372], [2342, 93, 2375, 126], [1858, 660, 1895, 697], [1720, 801, 1769, 849], [1461, 1026, 1488, 1051], [2727, 988, 2763, 1023], [1881, 1455, 1924, 1498]]"
915.png,"[2, 2]","[[1088, 1153, 1171, 1246], [2402, 995, 2475, 1082]]"
662.png,"[6, 7, 7, 7]","[[2059, 1259, 2149, 1385], [2154, 1277, 2254, 1399], [2247, 1190, 2412, 1365], [2349, 1058, 2508, 1225]]"
950.png,"[2, 2, 2]","[[871, 438, 950, 511], [2309, 535, 2382, 606], [2754, 1721, 2841, 1813]]"
476.png,"[4, 4, 4, 4]","[[1668, 324, 1761, 479], [2449, 313, 2585, 431], [1845, 676, 1992, 824], [2146, 1132, 2250, 1292]]"
533.png,"[4, 4, 4]","[[614, 850, 755, 988], [979, 921, 1098, 1032], [1747, 655, 1873, 774]]"
519.png,"[4, 4, 4, 4, 4]","[[618, 570, 777, 702], [1622, 925, 1774, 1073], [1769, 1122, 1906, 1212], [1650, 1600, 1803, 1739], [1835, 1649, 1963, 1795]]"
679.png,"[7, 7, 7, 7, 6, 6]","[[859, 1040, 1018, 1210], [1018, 1039, 1116, 1142], [1412, 1243, 1566, 1395], [1234, 1493, 1398, 1662], [1344, 1467, 1413, 1533], [1156, 1162, 1351, 1355]]"
902.png,"[2, 2]","[[736, 1083, 816, 1169], [1522, 934, 1616, 1038]]"
847.png,"[3, 3]","[[1175, 544, 1273, 668], [1509, 1070, 1641, 1170]]"
924.png,"[2, 2, 2, 2, 2, 2]","[[1094, 477, 1178, 559], [1655, 160, 1742, 250], [1473, 976, 1563, 1044], [2231, 695, 2317, 778], [39, 1849, 109, 1934], [2736, 1820, 2818, 1902]]"
544.png,"[4, 4]","[[235, 1629, 379, 1727], [2450, 913, 2604, 1063]]"
587.png,"[1, 1, 1, 1, 1, 1]","[[189, 796, 241, 844], [991, 1543, 1035, 1585], [1112, 1246, 1152, 1280], [1313, 1642, 1350, 1676], [2534, 1722, 2581, 1764], [2375, 1219, 2419, 1261]]"
864.png,"[2, 2, 2, 2]","[[439, 539, 522, 620], [361, 836, 439, 911], [1690, 1031, 1764, 1102], [1664, 1181, 1736, 1236]]"
557.png,"[1, 1, 1, 1, 1]","[[1835, 879, 1874, 915], [1568, 1183, 1599, 1215], [1623, 1563, 1661, 1603], [1461, 1651, 1509, 1697], [1503, 2012, 1533, 2040]]"
843.png,"[3, 3]","[[1887, 987, 1981, 1122], [816, 887, 894, 991]]"
453.png,"[4, 4, 4]","[[254, 1535, 393, 1672], [1109, 674, 1242, 792], [2132, 930, 2261, 1072]]"
556.png,"[1, 1, 1, 1, 1, 1, 1, 1, 1, 1, 1]","[[1044, 1620, 1092, 1674], [65, 1951, 104, 1990], [1415, 1818, 1448, 1851], [1045, 1131, 1083, 1169], [1001, 1027, 1028, 1059], [1536, 963, 1568, 996], [2293, 863, 2325, 903], [1809, 1218, 1836, 1254], [2666, 184, 2709, 224], [1127, 71, 1172, 112], [368, 323, 403, 359]]"
486.png,"[4, 4, 4]","[[1013, 406, 1139, 563], [640, 1902, 801, 2011], [2351, 1331, 2459, 1483]]"
670.png,"[7, 7]","[[1224, 1762, 1361, 1890], [2477, 944, 2588, 1057]]"
631.png,"[1, 1, 1, 1, 1, 1, 1, 1]","[[2067, 763, 2096, 795], [1928, 221, 1960, 259], [1182, 379, 1228, 410], [822, 660, 854, 688], [1861, 1498, 1907, 1538], [1776, 1938, 1812, 1977], [1546, 1684, 1600, 1734], [259, 1668, 322, 1724]]"
894.png,"[2, 2]","[[990, 600, 1060, 667], [969, 712, 1050, 789]]"
493.png,"[4, 4, 4, 4, 4, 4, 4]","[[492, 236, 654, 348], [2027, 1, 2171, 53], [2118, 763, 2247, 892], [2779, 1235, 2879, 1351], [2032, 1425, 2137, 1563], [1840, 1688, 1966, 1836], [1158, 1795, 1250, 1954]]"
507.png,"[4, 4, 4, 4, 4, 4]","[[195, 982, 301, 1129], [220, 1129, 350, 1265], [395, 917, 537, 1031], [1174, 810, 1288, 970], [1160, 1222, 1271, 1382], [2560, 415, 2673, 544]]"
449.png,"[4, 4]","[[955, 348, 1146, 497], [1536, 1430, 1720, 1602]]"
920.png,"[2, 2]","[[1227, 589, 1317, 668], [1875, 960, 1971, 1050]]"
531.png,"[4, 4]","[[1361, 411, 1478, 572], [2117, 1455, 2312, 1626]]"
721.png,"[5, 5, 5, 5, 5]","[[1162, 138, 1281, 254], [1262, 60, 1384, 169], [1483, 3, 1610, 77], [1237, 223, 1328, 330], [1434, 240, 1561, 357]]"
714.png,"[7, 7, 7, 7]","[[474, 1268, 611, 1419], [1013, 1430, 1188, 1598], [1158, 1482, 1311, 1643], [1349, 1464, 1468, 1583]]"
624.png,"[1, 1, 1, 1, 1, 1]","[[35, 135, 80, 177], [2651, 242, 2690, 278], [1999, 590, 2034, 626], [2800, 1020, 2831, 1049], [2313, 1201, 2360, 1248], [2122, 1379, 2162, 1417]]"
548.png,"[1, 1, 1, 1, 1]","[[407, 1509, 449, 1551], [875, 1490, 922, 1528], [1935, 1809, 1976, 1855], [2760, 1307, 2801, 1351], [1937, 834, 1982, 882]]"
771.png,"[3, 3]","[[716, 852, 796, 952], [520, 1600, 618, 1694]]"
901.png,"[2, 2, 2]","[[958, 1187, 1037, 1276], [1678, 773, 1751, 850], [1752, 562, 1842, 640]]"
635.png,"[1, 1, 1, 1, 1, 1, 1, 1, 1, 1, 1, 1]","[[138, 880, 179, 916], [263, 11, 320, 73], [1982, 383, 2025, 425], [1296, 995, 1347, 1044], [1521, 1017, 1564, 1056], [2166, 947, 2204, 995], [2454, 1504, 2491, 1545], [1902, 1546, 1948, 1584], [2110, 1729, 2147, 1763], [1435, 1821, 1470, 1852], [1117, 1726, 1147, 1761], [752, 1175, 802, 1222]]"
595.png,"[1, 1, 1, 1, 1, 1, 1, 1, 1]","[[13, 323, 53, 361], [358, 362, 408, 409], [246, 1053, 286, 1094], [1073, 140, 1104, 170], [2819, 568, 2868, 614], [2205, 518, 2246, 546], [2173, 493, 2205, 525], [2833, 1542, 2876, 1586], [2064, 1743, 2114, 1791]]"
527.png,"[4, 4]","[[317, 1130, 456, 1258], [1256, 1813, 1432, 1932]]"
818.png,"[3, 3]","[[2726, 444, 2802, 593], [2026, 1412, 2113, 1551]]"
800.png,[3],"[[2533, 782, 2647, 936]]"
828.png,[3],"[[1760, 84, 1845, 215]]"
508.png,"[4, 4, 4, 4, 4, 4]","[[1136, 127, 1266, 263], [1968, 883, 2088, 1041], [2418, 743, 2550, 912], [2554, 508, 2692, 672], [1261, 1351, 1421, 1470], [1578, 1529, 1698, 1702]]"
711.png,"[5, 5]","[[616, 827, 806, 1022], [2312, 1868, 2492, 2029]]"
678.png,"[5, 5]","[[2098, 98, 2244, 263], [1372, 1722, 1514, 1858]]"
749.png,"[7, 7]","[[267, 727, 409, 865], [2153, 1782, 2344, 1982]]"
676.png,"[7, 7, 6, 6]","[[1428, 643, 1612, 834], [1739, 944, 1833, 1069], [1526, 870, 1673, 1029], [1314, 697, 1452, 834]]"
445.png,"[4, 4, 4, 4, 4, 4]","[[718, 567, 893, 677], [395, 988, 520, 1144], [1073, 1276, 1221, 1406], [2073, 1316, 2197, 1469], [2209, 1010, 2354, 1173], [85, 1920, 199, 2047]]"
517.png,"[4, 4]","[[1345, 68, 1449, 221], [283, 1626, 421, 1782]]"
660.png,[7],"[[638, 1697, 789, 1835]]"
632.png,"[1, 1, 1, 1, 1, 1, 1]","[[2034, 151, 2075, 186], [1525, 543, 1564, 575], [514, 409, 550, 440], [467, 1013, 493, 1039], [1125, 1462, 1166, 1500], [931, 1499, 962, 1530], [379, 1813, 414, 1844]]"
751.png,"[5, 5, 5, 5, 5, 6, 6, 6, 6, 6]","[[98, 134, 307, 333], [566, 1397, 709, 1552], [692, 1302, 821, 1455], [846, 1354, 999, 1518], [966, 1289, 1098, 1448], [598, 1303, 693, 1399], [717, 1495, 788, 1558], [671, 1534, 748, 1587], [789, 1397, 844, 1444], [689, 1418, 773, 1494]]"
530.png,"[4, 4]","[[2606, 701, 2736, 810], [2164, 1854, 2330, 1960]]"
575.png,"[1, 1, 1, 1, 1]","[[2494, 1014, 2532, 1055], [1932, 944, 1983, 987], [1805, 1022, 1863, 1074], [1816, 1141, 1867, 1190], [1963, 1863, 2015, 1916]]"
728.png,"[5, 7]","[[1723, 475, 1843, 595], [1143, 1627, 1251, 1772]]"
523.png,"[4, 4]","[[1183, 355, 1306, 543], [1668, 968, 1828, 1103]]"
871.png,"[2, 2, 2]","[[2406, 232, 2492, 315], [2606, 626, 2698, 712], [1245, 1308, 1335, 1392]]"
785.png,"[3, 3, 3]","[[992, 130, 1057, 259], [1611, 1270, 1729, 1367], [1655, 1539, 1785, 1639]]"
559.png,"[1, 1]","[[782, 351, 828, 400], [1203, 1078, 1239, 1112]]"
526.png,"[4, 4, 4, 4, 4, 4, 4, 4, 4, 4]","[[575, 400, 725, 520], [1516, 753, 1649, 848], [1801, 662, 1932, 829], [2364, 1181, 2458, 1331], [2565, 1210, 2701, 1351], [888, 1158, 1016, 1344], [964, 1486, 1083, 1650], [768, 1722, 866, 1850], [911, 1783, 1058, 1936], [36, 1760, 140, 1920]]"
431.png,"[0, 0, 0, 0, 0]","[[1031, 726, 1135, 794], [1555, 1013, 1642, 1109], [2681, 1220, 2824, 1289], [1031, 1776, 1124, 1885], [533, 1754, 635, 1844]]"
853.png,"[3, 3]","[[1348, 761, 1459, 841], [1868, 1939, 1985, 2013]]"
441.png,"[0, 0, 0, 0, 0, 0]","[[979, 328, 1107, 391], [753, 396, 868, 465], [1207, 1011, 1320, 1100], [1003, 1444, 1070, 1567], [898, 1746, 953, 1854], [237, 1787, 377, 1839]]"
819.png,"[3, 3, 3]","[[2694, 1439, 2785, 1576], [1770, 870, 1874, 954], [444, 1178, 509, 1298]]"
842.png,"[3, 3]","[[1916, 1917, 2018, 2017], [618, 1467, 761, 1513]]"
442.png,"[4, 4, 4]","[[1954, 317, 2080, 488], [1075, 907, 1161, 1089], [939, 1825, 1103, 2011]]"
455.png,"[4, 4, 4]","[[602, 1105, 721, 1278], [2317, 1672, 2458, 1857], [2527, 322, 2669, 464]]"
874.png,"[2, 2, 2, 2, 2]","[[573, 670, 661, 762], [1383, 425, 1466, 493], [1293, 807, 1385, 895], [608, 1430, 698, 1505], [912, 1782, 1002, 1859]]"
715.png,[7],"[[1364, 1264, 1544, 1377]]"
529.png,"[4, 4]","[[750, 539, 888, 625], [2169, 496, 2349, 612]]"
934.png,"[2, 2, 2]","[[490, 719, 582, 793], [1371, 1116, 1465, 1213], [1564, 817, 1655, 901]]"
518.png,"[4, 4, 4]","[[682, 839, 841, 944], [1039, 844, 1199, 946], [1583, 160, 1722, 310]]"
487.png,"[4, 4]","[[239, 813, 404, 1002], [2666, 934, 2812, 1111]]"
571.png,"[1, 1, 1, 1]","[[98, 1954, 140, 1998], [929, 889, 977, 935], [648, 274, 679, 309], [1635, 70, 1685, 117]]"
848.png,"[3, 3]","[[1439, 272, 1587, 393], [1087, 1173, 1217, 1279]]"
643.png,"[1, 1, 1, 1, 1]","[[1012, 299, 1056, 336], [1028, 350, 1074, 390], [1012, 679, 1054, 723], [1684, 1614, 1728, 1660], [347, 1895, 389, 1930]]"
566.png,"[1, 1, 1]","[[337, 564, 379, 607], [1344, 1258, 1381, 1296], [2535, 1573, 2582, 1619]]"
695.png,[7],"[[1633, 489, 1792, 653]]"
922.png,"[2, 2, 2]","[[1014, 751, 1107, 831], [2165, 22, 2236, 98], [2406, 725, 2475, 795]]"
878.png,"[2, 2]","[[1016, 79, 1084, 165], [2249, 1383, 2326, 1467]]"
740.png,"[7, 7]","[[229, 1458, 334, 1603], [599, 1224, 732, 1372]]"
870.png,"[2, 2, 2]","[[1487, 865, 1571, 938], [1509, 1789, 1592, 1878], [2594, 1748, 2680, 1838]]"
687.png,"[7, 7]","[[2459, 7, 2599, 128], [2017, 1923, 2154, 2044]]"
888.png,"[2, 2, 2, 2]","[[713, 88, 802, 167], [1918, 339, 1990, 424], [1503, 1750, 1592, 1835], [1989, 1897, 2089, 1972]]"
959.png,"[2, 2, 2]","[[1718, 726, 1798, 816], [640, 1689, 732, 1777], [1764, 1807, 1858, 1887]]"
437.png,"[0, 0, 0, 0, 0, 0, 0]","[[411, 172, 531, 274], [520, 991, 598, 1098], [477, 1217, 583, 1311], [1333, 1498, 1403, 1580], [1429, 1617, 1494, 1737], [1768, 928, 1848, 1013], [2433, 396, 2511, 522]]"
457.png,"[4, 4, 4]","[[163, 744, 271, 888], [604, 1179, 731, 1338], [2571, 1667, 2740, 1791]]"
693.png,"[5, 5, 5, 6]","[[76, 952, 326, 1185], [687, 545, 868, 735], [1709, 237, 1889, 419], [481, 420, 642, 600]]"
932.png,"[2, 2]","[[1584, 753, 1690, 835], [2497, 1038, 2577, 1126]]"
447.png,"[4, 4]","[[235, 236, 390, 400], [1930, 1682, 2107, 1834]]"
852.png,[3],"[[1875, 835, 1965, 989]]"
444.png,"[4, 4, 4, 4, 4, 4]","[[371, 453, 523, 605], [963, 265, 1108, 370], [1450, 844, 1612, 986], [1942, 669, 2061, 832], [1970, 382, 2092, 543], [2480, 821, 2612, 967]]"
628.png,"[1, 1, 1, 1, 1]","[[1164, 1625, 1198, 1662], [817, 1600, 848, 1637], [1070, 1119, 1103, 1154], [1125, 808, 1166, 851], [1852, 276, 1886, 314]]"
777.png,"[3, 3]","[[1666, 640, 1747, 745], [1795, 802, 1869, 944]]"
735.png,"[5, 5, 5, 5, 5, 7, 7, 7, 7, 7, 7, 7, 6]","[[1557, 193, 1687, 330], [1746, 592, 1856, 714], [1883, 592, 1986, 690], [1649, 582, 1745, 684], [1632, 705, 1724, 812], [1728, 200, 1862, 342], [1529, 373, 1667, 539], [1681, 455, 1811, 572], [1799, 433, 1967, 607], [1888, 765, 1986, 884], [1471, 587, 1642, 767], [1509, 753, 1638, 865], [1953, 318, 2086, 447]]"
588.png,"[1, 1, 1, 1, 1, 1]","[[1519, 712, 1562, 748], [788, 1115, 827, 1152], [1873, 1347, 1909, 1380], [273, 1157, 305, 1184], [570, 1748, 610, 1791], [1496, 1644, 1535, 1680]]"
729.png,"[7, 7]","[[1533, 823, 1679, 983], [1617, 944, 1797, 1108]]"
817.png,"[3, 3]","[[1159, 241, 1289, 341], [1825, 834, 1912, 977]]"
841.png,[3],"[[1796, 817, 1881, 933]]"
689.png,"[7, 7]","[[342, 142, 483, 295], [2446, 1727, 2586, 1873]]"
835.png,"[3, 3]","[[727, 513, 833, 624], [1278, 1615, 1360, 1740]]"
479.png,"[4, 4, 4, 4, 4, 4]","[[1463, 387, 1584, 482], [1994, 546, 2122, 706], [2226, 639, 2388, 769], [2689, 348, 2855, 451], [628, 1325, 749, 1483], [2282, 1791, 2404, 1908]]"
685.png,"[7, 7]","[[1646, 1423, 1762, 1549], [1548, 1488, 1694, 1620]]"
490.png,"[4, 4, 4, 4, 4]","[[584, 1308, 744, 1424], [1923, 1183, 2009, 1316], [2141, 695, 2275, 860], [2055, 241, 2212, 377], [2554, 1043, 2655, 1169]]"
886.png,"[2, 2, 2, 2, 2]","[[1063, 43, 1146, 105], [1512, 716, 1620, 825], [856, 1476, 937, 1554], [940, 1822, 1017, 1906], [1783, 1734, 1880, 1817]]"
857.png,"[3, 3]","[[458, 968, 560, 1032], [1126, 1315, 1254, 1388]]"
504.png,"[4, 4, 4, 4, 4, 4, 4, 4]","[[74, 1357, 178, 1498], [494, 1076, 625, 1207], [1246, 1291, 1379, 1436], [801, 1716, 902, 1873], [1503, 498, 1597, 654], [1427, 622, 1577, 763], [1712, 569, 1803, 686], [2332, 1898, 2495, 2020]]"
683.png,"[7, 7]","[[1051, 502, 1263, 700], [463, 1259, 658, 1447]]"
524.png,"[4, 4, 4, 4]","[[1108, 257, 1220, 420], [780, 602, 885, 740], [1655, 1100, 1783, 1248], [1061, 1795, 1214, 1902]]"
448.png,"[4, 4, 4]","[[1439, 1049, 1568, 1177], [2092, 308, 2232, 439], [656, 1327, 788, 1495]]"
492.png,"[4, 4]","[[852, 1710, 995, 1844], [2613, 776, 2761, 938]]"
826.png,"[3, 3]","[[1895, 1383, 2021, 1483], [1633, 1473, 1759, 1587]]"
895.png,"[2, 2, 2]","[[806, 653, 883, 735], [251, 807, 340, 889], [1968, 1567, 2055, 1648]]"
539.png,"[4, 4]","[[997, 293, 1135, 478], [1440, 605, 1627, 755]]"
627.png,"[1, 1, 1, 1, 1, 1, 1, 1, 1, 1, 1, 1, 1, 1, 1, 1]","[[85, 1809, 130, 1863], [1144, 1673, 1185, 1719], [1426, 1957, 1466, 1995], [587, 1393, 633, 1433], [539, 1361, 574, 1395], [1535, 1113, 1577, 1154], [825, 980, 874, 1023], [293, 1013, 327, 1044], [344, 850, 373, 882], [1058, 669, 1100, 704], [1150, 518, 1190, 556], [1458, 200, 1496, 237], [2524, 140, 2559, 171], [2628, 155, 2655, 183], [2509, 1167, 2550, 1205], [2457, 909, 2485, 945]]"
704.png,[7],"[[2004, 1164, 2164, 1323]]"
542.png,"[4, 4, 4, 4, 4, 4]","[[583, 1389, 698, 1516], [944, 1286, 1101, 1436], [1188, 795, 1330, 929], [1227, 703, 1387, 825], [1531, 578, 1679, 674], [1804, 460, 1984, 544]]"
953.png,"[2, 2, 2, 2]","[[26, 341, 107, 431], [973, 326, 1088, 411], [1961, 581, 2037, 645], [2523, 522, 2625, 616]]"
580.png,"[1, 1, 1, 1, 1, 1, 1]","[[1084, 1945, 1115, 1980], [1411, 1610, 1443, 1642], [1356, 1565, 1391, 1601], [44, 719, 75, 750], [143, 738, 188, 777], [1200, 988, 1235, 1033], [1890, 880, 1922, 914]]"
506.png,"[4, 4, 4]","[[1152, 11, 1293, 155], [268, 963, 425, 1110], [2583, 739, 2746, 872]]"
609.png,"[1, 1, 1, 1, 1, 1, 1]","[[52, 1088, 104, 1142], [1729, 197, 1767, 228], [2532, 506, 2574, 550], [2691, 451, 2728, 491], [2627, 979, 2675, 1037], [2380, 1445, 2422, 1486], [1720, 1566, 1759, 1597]]"
534.png,"[4, 4, 4, 4, 4]","[[41, 564, 161, 700], [506, 936, 654, 1125], [1297, 689, 1416, 851], [2166, 203, 2284, 362], [258, 1572, 398, 1686]]"
496.png,"[4, 4, 4, 4, 4]","[[530, 359, 682, 459], [207, 1202, 360, 1363], [1313, 1001, 1483, 1130], [1040, 1577, 1171, 1734], [2456, 1596, 2620, 1710]]"
680.png,[7],"[[1717, 722, 1872, 888]]"
877.png,"[2, 2, 2, 2]","[[2307, 568, 2385, 653], [1458, 1393, 1540, 1473], [1782, 1692, 1869, 1792], [2465, 1796, 2551, 1872]]"
459.png,"[4, 4, 4, 4, 4]","[[192, 34, 306, 188], [826, 800, 941, 960], [1614, 1162, 1755, 1296], [1837, 782, 1947, 962], [1939, 697, 2059, 853]]"
671.png,"[7, 7, 7, 7, 7, 6, 5]","[[1074, 335, 1226, 470], [982, 969, 1116, 1099], [757, 1374, 939, 1518], [969, 1290, 1096, 1438], [1087, 1263, 1219, 1423], [992, 1110, 1114, 1237], [819, 1195, 1028, 1377]]"
742.png,"[7, 5, 7]","[[736, 830, 883, 998], [949, 822, 1072, 1009], [973, 1173, 1092, 1308]]"
898.png,"[2, 2]","[[1220, 1140, 1309, 1222], [1718, 1895, 1809, 1974]]"
598.png,"[1, 1, 1, 1, 1, 1, 1, 1, 1]","[[107, 187, 152, 227], [1042, 582, 1080, 623], [522, 1030, 555, 1062], [1208, 1226, 1248, 1265], [725, 1362, 763, 1395], [389, 1546, 422, 1576], [2704, 1810, 2754, 1854], [2725, 1880, 2753, 1911], [2302, 1644, 2345, 1680]]"
644.png,"[1, 1, 1, 1, 1, 1, 1, 1, 1, 1, 1]","[[217, 107, 265, 148], [391, 205, 427, 238], [744, 271, 778, 303], [1042, 660, 1087, 700], [1614, 625, 1665, 666], [1603, 158, 1647, 199], [367, 1217, 402, 1251], [1550, 1238, 1592, 1278], [2407, 841, 2450, 884], [2293, 1484, 2343, 1536], [1867, 1930, 1898, 1963]]"
458.png,"[4, 4, 4, 4, 4, 4]","[[93, 127, 247, 226], [261, 574, 356, 717], [1337, 710, 1503, 835], [1985, 1173, 2097, 1307], [2273, 1227, 2368, 1401], [90, 1596, 206, 1730]]"
686.png,"[6, 5]","[[56, 909, 244, 1087], [2107, 665, 2314, 872]]"
649.png,"[1, 1, 1, 1, 1, 1, 1, 1, 1]","[[164, 595, 202, 624], [140, 1150, 188, 1192], [1321, 923, 1364, 962], [820, 1468, 866, 1508], [1776, 1476, 1822, 1515], [1937, 508, 1986, 554], [2690, 584, 2737, 628], [2701, 1330, 2737, 1374], [2486, 1316, 2522, 1354]]"
475.png,"[4, 4, 4, 4, 4, 4, 4, 4, 4]","[[98, 420, 206, 574], [884, 58, 974, 234], [1125, 276, 1232, 429], [1646, 254, 1758, 416], [2517, 1, 2694, 67], [1216, 678, 1309, 815], [663, 1362, 766, 1541], [2151, 1676, 2280, 1848], [2278, 1759, 2399, 1919]]"
503.png,"[4, 4, 4]","[[290, 1232, 430, 1359], [1177, 768, 1316, 920], [1118, 1793, 1226, 1927]]"
692.png,"[7, 7]","[[2129, 1343, 2263, 1484], [2237, 1419, 2393, 1582]]"
869.png,"[2, 2, 2, 2]","[[411, 960, 512, 1049], [161, 1754, 250, 1841], [2342, 857, 2425, 949], [2704, 330, 2794, 417]]"
900.png,"[2, 2, 2]","[[946, 445, 1031, 534], [1755, 459, 1842, 558], [994, 1302, 1092, 1387]]"
655.png,"[7, 7, 6]","[[1282, 902, 1440, 1033], [1358, 765, 1464, 904], [1463, 830, 1577, 955]]"
813.png,"[3, 3]","[[2142, 809, 2216, 917], [620, 757, 735, 824]]"
560.png,"[1, 1, 1, 1, 1, 1, 1, 1, 1]","[[803, 1013, 851, 1057], [766, 1034, 801, 1067], [1354, 997, 1393, 1035], [795, 1291, 827, 1319], [1154, 1504, 1192, 1527], [290, 687, 319, 718], [2122, 1547, 2149, 1574], [1451, 1735, 1498, 1777], [1813, 1, 1846, 33]]"
937.png,"[2, 2]","[[2056, 789, 2133, 862], [730, 1359, 816, 1432]]"
753.png,[7],"[[1221, 1340, 1387, 1490]]"
911.png,"[2, 2]","[[1235, 857, 1308, 924], [1102, 1745, 1187, 1830]]"
666.png,"[7, 7]","[[749, 277, 886, 409], [2073, 307, 2184, 432]]"
904.png,"[2, 2, 2, 2, 2]","[[1236, 105, 1312, 193], [1813, 162, 1912, 240], [317, 311, 403, 402], [2314, 1472, 2420, 1558], [1960, 1857, 2071, 1950]]"
746.png,"[5, 5, 5, 5, 5, 5, 5, 5, 5, 5]","[[643, 640, 836, 810], [887, 649, 1009, 769], [1049, 504, 1216, 674], [1198, 483, 1346, 655], [1096, 653, 1289, 819], [996, 704, 1138, 827], [756, 865, 907, 1020], [884, 800, 1029, 952], [1014, 814, 1154, 947], [963, 937, 1143, 1100]]"
862.png,"[2, 2]","[[894, 663, 971, 740], [909, 897, 997, 992]]"
545.png,"[4, 4]","[[1130, 1363, 1278, 1457], [2166, 750, 2294, 907]]"
792.png,"[3, 3]","[[447, 1635, 546, 1726], [907, 1107, 997, 1232]]"
925.png,"[2, 2]","[[2168, 367, 2273, 469], [1856, 1136, 1969, 1239]]"
443.png,"[4, 4, 4, 4, 4, 4, 4, 4, 4, 4, 4, 4, 4, 4, 4]","[[552, 662, 712, 802], [1763, 153, 1897, 303], [1080, 1221, 1211, 1350], [1156, 1311, 1247, 1384], [1268, 1203, 1340, 1368], [788, 1557, 889, 1692], [778, 1677, 880, 1817], [926, 1669, 1050, 1801], [904, 1710, 1018, 1829], [1016, 1568, 1145, 1654], [1023, 1616, 1123, 1716], [1128, 1653, 1225, 1801], [1331, 1597, 1446, 1738], [1556, 1778, 1698, 1946], [1816, 1939, 1954, 2035]]"
799.png,"[3, 3, 3]","[[406, 1174, 531, 1268], [1177, 1278, 1259, 1364], [2649, 1577, 2746, 1717]]"
697.png,"[7, 7, 7]","[[617, 1209, 753, 1337], [2366, 430, 2523, 585], [2642, 555, 2762, 679]]"
865.png,"[2, 2, 2]","[[1631, 227, 1718, 312], [1903, 450, 1974, 525], [778, 1032, 864, 1122]]"
597.png,"[1, 1, 1, 1, 1, 1, 1]","[[834, 1342, 868, 1377], [1487, 1364, 1522, 1397], [1905, 648, 1942, 688], [1681, 1659, 1721, 1691], [2451, 1767, 2492, 1805], [2538, 1401, 2582, 1442], [2397, 2004, 2434, 2038]]"
889.png,"[2, 2, 2, 2, 2]","[[327, 106, 409, 177], [355, 293, 433, 382], [301, 1483, 382, 1601], [2677, 998, 2746, 1074], [2801, 812, 2879, 885]]"
836.png,"[3, 3]","[[1953, 294, 2061, 357], [183, 878, 274, 954]]"
947.png,"[2, 2]","[[2071, 355, 2144, 430], [993, 1472, 1087, 1550]]"
952.png,"[2, 2, 2, 2, 2]","[[482, 340, 561, 427], [1611, 693, 1690, 793], [70, 1758, 154, 1844], [563, 1907, 661, 1976], [1497, 1870, 1570, 1954]]"
957.png,"[2, 2, 2]","[[1780, 746, 1892, 850], [1073, 1121, 1163, 1222], [1941, 1374, 2042, 1460]]"
561.png,"[1, 1, 1, 1, 1, 1, 1]","[[748, 154, 800, 206], [1780, 576, 1811, 612], [2390, 450, 2437, 500], [2027, 1128, 2067, 1170], [1896, 998, 1929, 1025], [1889, 1189, 1933, 1232], [367, 1475, 413, 1521]]"
499.png,"[4, 4, 4, 4, 4, 4]","[[854, 122, 1006, 268], [751, 849, 884, 965], [209, 1216, 375, 1327], [1006, 1391, 1175, 1515], [1868, 1913, 2022, 2016], [2660, 1913, 2817, 2047]]"
781.png,"[3, 3]","[[670, 1038, 802, 1119], [1899, 834, 2021, 974]]"
552.png,"[1, 1, 1, 1, 1, 1, 1, 1]","[[260, 130, 301, 173], [1485, 1139, 1523, 1178], [1607, 531, 1640, 566], [145, 1764, 182, 1804], [2450, 1356, 2490, 1398], [2268, 1577, 2311, 1609], [2220, 1591, 2257, 1627], [2233, 292, 2267, 328]]"
780.png,[3],"[[2028, 1516, 2140, 1638]]"
823.png,"[3, 3, 3, 3]","[[925, 220, 1040, 306], [2392, 986, 2514, 1076], [440, 1631, 547, 1735], [2436, 1498, 2546, 1645]]"
615.png,"[1, 1, 1, 1, 1, 1, 1, 1, 1]","[[1107, 1336, 1139, 1373], [967, 1577, 1003, 1610], [854, 1611, 898, 1653], [2665, 1160, 2701, 1193], [2467, 933, 2500, 965], [2448, 898, 2486, 933], [2548, 804, 2591, 844], [2446, 783, 2481, 819], [2266, 380, 2306, 418]]"
483.png,"[4, 4]","[[37, 1677, 179, 1838], [2654, 1081, 2812, 1206]]"
703.png,"[7, 7, 5, 5, 7, 7, 5, 5, 6]","[[319, 973, 521, 1162], [516, 902, 711, 1103], [631, 1142, 719, 1229], [552, 1307, 656, 1409], [532, 1424, 667, 1554], [676, 1412, 776, 1529], [764, 1484, 866, 1585], [2104, 1750, 2232, 1848], [2232, 1830, 2419, 1983]]"
814.png,"[3, 3, 3]","[[740, 1754, 827, 1846], [1351, 1381, 1432, 1527], [1831, 21, 1963, 119]]"
851.png,"[3, 3]","[[2258, 1197, 2360, 1305], [2154, 1441, 2260, 1550]]"
501.png,"[4, 4]","[[878, 476, 1027, 597], [1484, 430, 1637, 554]]"
770.png,"[3, 3]","[[940, 774, 1007, 895], [1684, 538, 1770, 638]]"
741.png,"[7, 7]","[[1152, 435, 1274, 572], [1221, 543, 1398, 733]]"
477.png,"[4, 4, 4, 4]","[[859, 279, 997, 411], [1523, 1, 1665, 79], [2288, 774, 2452, 876], [2630, 1108, 2751, 1255]]"
625.png,"[1, 1, 1, 1, 1, 1, 1, 1, 1, 1]","[[456, 352, 490, 384], [656, 603, 694, 635], [960, 980, 999, 1015], [916, 1043, 958, 1078], [363, 1295, 400, 1329], [1152, 1668, 1188, 1702], [1939, 1447, 1971, 1481], [2502, 205, 2539, 240], [2631, 852, 2669, 898], [2215, 1152, 2248, 1185]]"
638.png,"[1, 1, 1, 1, 1, 1]","[[1027, 860, 1071, 895], [375, 1384, 410, 1422], [2518, 1808, 2562, 1852], [2407, 1636, 2440, 1667], [2070, 1555, 2105, 1590], [1846, 1462, 1884, 1496]]"
963.png,"[2, 2, 2, 2]","[[306, 254, 398, 354], [2177, 860, 2269, 940], [2727, 1535, 2816, 1612], [290, 1925, 376, 1993]]"
797.png,"[3, 3]","[[207, 632, 307, 762], [2171, 1689, 2271, 1811]]"
672.png,"[7, 7]","[[1202, 615, 1373, 778], [1238, 779, 1384, 924]]"
562.png,"[1, 1, 1, 1]","[[606, 1271, 640, 1309], [813, 1470, 855, 1508], [1615, 986, 1662, 1029], [2787, 1218, 2822, 1251]]"
663.png,[7],"[[1203, 430, 1437, 662]]"
620.png,"[1, 1, 1, 1, 1, 1]","[[1045, 268, 1079, 296], [658, 707, 706, 754], [1398, 500, 1437, 529], [1262, 916, 1305, 961], [2248, 1295, 2287, 1332], [1616, 1203, 1652, 1239]]"
850.png,"[3, 3]","[[445, 335, 569, 477], [913, 1035, 1003, 1150]]"
547.png,"[1, 1, 1, 1, 1]","[[27, 944, 74, 990], [2018, 1379, 2063, 1418], [1587, 1448, 1641, 1494], [1972, 184, 2005, 216], [1286, 272, 1322, 311]]"
554.png,"[1, 1, 1, 1, 1, 1, 1, 1]","[[408, 338, 457, 381], [662, 267, 705, 304], [1962, 852, 1997, 890], [2197, 1673, 2236, 1704], [1911, 1722, 1943, 1762], [1726, 1781, 1770, 1825], [1568, 1819, 1598, 1851], [794, 1755, 827, 1794]]"
863.png,"[2, 2, 2, 2]","[[313, 905, 390, 991], [1275, 1327, 1344, 1407], [2074, 430, 2127, 522], [2422, 1825, 2489, 1905]]"
776.png,[3],"[[870, 1338, 961, 1501]]"
752.png,"[7, 7, 7, 5, 7, 7]","[[623, 418, 784, 563], [728, 577, 902, 772], [1661, 1682, 1794, 1800], [156, 703, 268, 804], [163, 803, 274, 933], [264, 805, 368, 932]]"
807.png,"[3, 3]","[[1895, 455, 1988, 597], [949, 1289, 1075, 1382]]"
617.png,"[1, 1, 1, 1, 1, 1, 1, 1]","[[1907, 11, 1944, 55], [1330, 608, 1363, 644], [947, 915, 979, 947], [923, 295, 950, 322], [1528, 1477, 1569, 1518], [1394, 1722, 1431, 1761], [774, 1240, 823, 1285], [457, 1983, 495, 2017]]"
726.png,"[7, 7, 5, 5, 7]","[[499, 173, 666, 333], [708, 109, 819, 232], [806, 58, 952, 228], [556, 62, 663, 154], [1458, 1787, 1601, 1928]]"
668.png,"[7, 7]","[[908, 1870, 1047, 2004], [2408, 399, 2549, 522]]"
636.png,"[1, 1, 1]","[[1053, 481, 1084, 513], [1905, 898, 1943, 935], [976, 824, 1012, 854]]"
919.png,"[2, 2, 2, 2, 2]","[[1075, 521, 1156, 596], [171, 1093, 256, 1174], [1701, 1597, 1798, 1679], [2302, 1634, 2382, 1710], [617, 1996, 713, 2047]]"
618.png,"[1, 1, 1, 1, 1, 1, 1, 1]","[[788, 1707, 820, 1736], [17, 1795, 52, 1827], [2301, 1858, 2348, 1897], [1948, 1972, 1982, 2001], [1601, 1660, 1638, 1699], [1781, 1541, 1827, 1587], [2810, 285, 2852, 327], [1850, 643, 1886, 685]]"
764.png,"[3, 3]","[[1242, 248, 1318, 410], [1744, 1100, 1845, 1189]]"
653.png,"[5, 7, 6, 7, 5, 5, 5, 5]","[[1509, 1000, 1626, 1150], [1557, 1235, 1658, 1370], [1734, 983, 1881, 1123], [1703, 1114, 1839, 1239], [1758, 1249, 1853, 1349], [1814, 1324, 1929, 1455], [1634, 1010, 1712, 1108], [1952, 1224, 2042, 1304]]"
940.png,"[2, 2, 2, 2, 2]","[[817, 2, 927, 84], [741, 778, 837, 860], [1320, 493, 1423, 579], [1269, 981, 1365, 1065], [2403, 1841, 2498, 1934]]"
775.png,"[3, 3]","[[1587, 536, 1666, 649], [2177, 267, 2292, 321]]"
945.png,"[2, 2]","[[2554, 851, 2646, 941], [1858, 1795, 1958, 1878]]"
623.png,"[1, 1, 1, 1, 1, 1]","[[327, 213, 368, 254], [144, 424, 186, 467], [1155, 1402, 1200, 1451], [1798, 1401, 1844, 1444], [1333, 1963, 1379, 2004], [2362, 1671, 2394, 1707]]"
912.png,"[2, 2, 2]","[[1858, 106, 1947, 184], [1097, 1087, 1182, 1172], [1751, 1816, 1828, 1889]]"
956.png,"[2, 2, 2, 2, 2]","[[1571, 506, 1656, 588], [1223, 860, 1331, 945], [2250, 592, 2333, 664], [1668, 1141, 1750, 1229], [687, 1870, 784, 1951]]"
543.png,"[4, 4]","[[463, 1005, 587, 1139], [2380, 732, 2555, 838]]"
859.png,[3],"[[1770, 1541, 1918, 1617]]"
910.png,"[2, 2]","[[1430, 574, 1517, 646], [797, 949, 861, 1039]]"
599.png,"[1, 1, 1, 1, 1, 1, 1, 1, 1]","[[185, 464, 218, 507], [761, 662, 808, 709], [951, 776, 982, 814], [347, 1303, 374, 1328], [2483, 852, 2519, 883], [2383, 1306, 2421, 1350], [2521, 1701, 2569, 1745], [2159, 1593, 2203, 1639], [1983, 1772, 2019, 1806]]"
553.png,"[1, 1, 1, 1]","[[582, 119, 611, 151], [2021, 1196, 2063, 1234], [916, 1352, 956, 1394], [2613, 1959, 2643, 1993]]"
639.png,"[1, 1, 1, 1, 1, 1, 1]","[[507, 172, 542, 211], [808, 282, 839, 312], [1485, 426, 1519, 467], [391, 914, 422, 947], [1612, 976, 1651, 1013], [1331, 1561, 1370, 1598], [2140, 1709, 2174, 1742]]"
837.png,"[3, 3]","[[1054, 357, 1118, 503], [2052, 601, 2139, 741]]"
537.png,"[4, 4, 4]","[[822, 244, 968, 427], [1890, 1036, 2033, 1210], [1523, 1667, 1665, 1848]]"
699.png,"[7, 7, 5, 5, 5, 6, 6]","[[551, 735, 672, 859], [658, 707, 769, 840], [1888, 813, 2015, 995], [2003, 788, 2123, 922], [1991, 913, 2143, 1065], [2302, 1088, 2454, 1255], [2464, 1043, 2628, 1199]]"
882.png,"[2, 2, 2, 2]","[[244, 1124, 321, 1208], [1395, 151, 1465, 230], [2422, 505, 2494, 587], [755, 1698, 818, 1777]]"
594.png,"[1, 1, 1, 1, 1, 1, 1]","[[909, 230, 957, 272], [488, 1230, 527, 1267], [1809, 634, 1856, 678], [1831, 743, 1868, 769], [2741, 311, 2778, 346], [2203, 1132, 2250, 1175], [2545, 1845, 2581, 1879]]"
433.png,"[0, 0, 0, 0, 0, 0, 0, 0, 0]","[[229, 1865, 337, 1926], [829, 1730, 931, 1839], [1040, 1546, 1124, 1641], [1551, 1063, 1672, 1122], [1792, 985, 1868, 1067], [1859, 676, 1927, 802], [1355, 872, 1411, 989], [1181, 541, 1229, 661], [553, 652, 629, 772]]"
621.png,"[1, 1, 1, 1, 1]","[[536, 1518, 579, 1556], [523, 1483, 564, 1523], [1295, 1318, 1338, 1353], [2552, 1160, 2585, 1196], [1662, 123, 1696, 155]]"
707.png,[7],"[[1177, 1545, 1316, 1683]]"
484.png,"[4, 4, 4, 4, 4]","[[459, 210, 582, 368], [680, 108, 788, 264], [2727, 217, 2879, 335], [1583, 1424, 1699, 1573], [560, 1403, 693, 1550]]"
719.png,"[7, 7]","[[812, 190, 943, 314], [2459, 899, 2582, 1023]]"
879.png,"[2, 2, 2]","[[754, 154, 828, 238], [246, 820, 330, 901], [801, 1210, 889, 1303]]"
804.png,"[3, 3, 3]","[[1847, 263, 1968, 381], [2288, 349, 2416, 450], [2423, 1311, 2539, 1431]]"
674.png,[7],"[[1878, 1412, 2106, 1618]]"
446.png,"[4, 4, 4]","[[185, 644, 355, 765], [425, 783, 578, 883], [770, 1135, 889, 1269]]"
941.png,"[2, 2, 2]","[[560, 691, 637, 776], [488, 941, 568, 1026], [1351, 1853, 1456, 1931]]"
586.png,"[1, 1, 1, 1, 1, 1, 1, 1, 1, 1, 1, 1, 1, 1]","[[571, 105, 609, 132], [1183, 146, 1219, 181], [468, 353, 498, 386], [213, 337, 238, 365], [93, 667, 128, 702], [963, 1000, 998, 1033], [1159, 1265, 1191, 1293], [114, 1469, 158, 1505], [1390, 832, 1424, 866], [1783, 586, 1812, 616], [2183, 840, 2220, 874], [2635, 727, 2659, 755], [2493, 1811, 2535, 1851], [1898, 1984, 1923, 2011]]"
688.png,[7],"[[2303, 575, 2426, 710]]"
789.png,"[3, 3]","[[1166, 657, 1278, 783], [535, 1484, 637, 1602]]"
464.png,"[4, 4, 4]","[[1413, 512, 1559, 600], [1007, 1713, 1131, 1838], [4, 1726, 95, 1845]]"
454.png,"[4, 4, 4]","[[287, 1188, 447, 1289], [718, 1353, 809, 1505], [2027, 1208, 2165, 1332]]"
541.png,"[4, 4]","[[530, 529, 698, 645], [2656, 1353, 2816, 1486]]"
782.png,"[3, 3]","[[580, 644, 660, 764], [901, 534, 993, 639]]"
795.png,"[3, 3]","[[1798, 1134, 1885, 1263], [2189, 1613, 2304, 1705]]"
622.png,"[1, 1, 1, 1]","[[1193, 610, 1248, 662], [1897, 680, 1953, 736], [2407, 754, 2459, 803], [110, 1705, 164, 1753]]"
954.png,"[2, 2]","[[1259, 1135, 1350, 1217], [2050, 867, 2136, 949]]"
681.png,"[7, 7]","[[1172, 615, 1283, 725], [698, 1669, 834, 1794]]"
733.png,[7],"[[1209, 527, 1422, 733]]"
964.png,"[2, 2, 2]","[[1101, 763, 1180, 843], [1525, 3, 1635, 45], [204, 1659, 309, 1748]]"
936.png,"[2, 2, 2, 2]","[[868, 346, 941, 429], [1269, 162, 1323, 236], [1314, 257, 1387, 325], [1578, 1450, 1664, 1531]]"
528.png,"[4, 4, 4, 4, 4, 4, 4, 4]","[[180, 284, 325, 435], [937, 681, 1056, 820], [722, 807, 837, 977], [536, 896, 671, 1038], [674, 1151, 814, 1239], [1130, 1183, 1252, 1362], [332, 1763, 477, 1893], [1587, 1792, 1726, 1911]]"
866.png,"[2, 2, 2, 2]","[[41, 220, 127, 312], [518, 534, 599, 622], [2150, 484, 2228, 569], [2251, 1030, 2330, 1111]]"
724.png,"[7, 7]","[[124, 1709, 273, 1844], [2194, 668, 2323, 797]]"
759.png,[3],"[[411, 878, 535, 952]]"
652.png,"[7, 7]","[[358, 652, 519, 809], [2127, 925, 2343, 1128]]"
931.png,"[2, 2, 2]","[[151, 1178, 232, 1263], [1033, 1065, 1097, 1140], [2739, 772, 2835, 850]]"
584.png,"[1, 1, 1, 1]","[[705, 1087, 753, 1130], [392, 1022, 440, 1067], [81, 1380, 137, 1433], [2768, 1739, 2818, 1791]]"
698.png,"[7, 6, 5, 7]","[[789, 14, 881, 105], [830, 94, 948, 214], [832, 220, 994, 385], [782, 789, 943, 968]]"
793.png,"[3, 3]","[[1255, 392, 1384, 551], [2759, 392, 2879, 465]]"
564.png,"[1, 1, 1, 1, 1, 1]","[[145, 246, 189, 285], [1127, 418, 1160, 453], [2689, 19, 2727, 63], [2036, 1431, 2082, 1472], [1639, 1650, 1694, 1701], [1431, 1878, 1475, 1924]]"
744.png,"[7, 7]","[[1768, 1232, 1954, 1404], [1698, 1375, 1847, 1523]]"
488.png,"[4, 4, 4, 4]","[[1154, 443, 1287, 593], [1958, 729, 2064, 892], [1344, 1835, 1482, 1987], [2312, 1438, 2464, 1596]]"
827.png,"[3, 3]","[[790, 1084, 911, 1231], [1683, 822, 1794, 924]]"
691.png,"[7, 7]","[[873, 1083, 976, 1188], [1481, 517, 1591, 642]]"
745.png,"[5, 7, 5]","[[307, 915, 451, 1068], [150, 1882, 312, 2043], [2638, 99, 2788, 257]]"
709.png,[7],"[[729, 329, 947, 530]]"
881.png,"[2, 2, 2, 2]","[[151, 324, 232, 411], [614, 869, 704, 958], [2483, 763, 2565, 844], [2798, 1106, 2871, 1184]]"
612.png,"[1, 1, 1, 1, 1, 1, 1, 1, 1, 1, 1, 1, 1, 1, 1, 1]","[[129, 1721, 176, 1765], [1, 1327, 29, 1371], [98, 873, 128, 898], [606, 856, 645, 900], [822, 624, 858, 661], [735, 1097, 768, 1132], [1298, 875, 1334, 915], [1464, 707, 1508, 753], [1138, 118, 1184, 158], [1116, 198, 1157, 242], [2366, 478, 2403, 513], [2192, 646, 2232, 688], [2058, 781, 2095, 814], [2469, 1659, 2498, 1690], [1833, 1563, 1868, 1597], [1504, 1907, 1548, 1943]]"
540.png,"[4, 4, 4, 4, 4, 4, 4]","[[260, 712, 418, 836], [1141, 27, 1284, 136], [1120, 1212, 1261, 1300], [1403, 1188, 1545, 1324], [1684, 1588, 1818, 1696], [2370, 863, 2513, 991], [2598, 508, 2731, 643]]"
574.png,"[1, 1, 1, 1, 1, 1, 1, 1, 1, 1, 1, 1, 1, 1]","[[2643, 106, 2676, 143], [1943, 370, 1973, 406], [2170, 46, 2201, 80], [1071, 45, 1121, 90], [1225, 116, 1248, 143], [2426, 1173, 2465, 1205], [2256, 1379, 2283, 1408], [2192, 1532, 2233, 1574], [778, 1954, 809, 1981], [1386, 1778, 1413, 1807], [1496, 1638, 1524, 1669], [616, 591, 646, 619], [336, 845, 370, 871], [450, 1660, 479, 1686]]"
468.png,"[4, 4]","[[1301, 474, 1458, 634], [1841, 1601, 1975, 1731]]"
702.png,"[5, 5]","[[1288, 1333, 1433, 1497], [1409, 1435, 1527, 1570]]"
657.png,"[5, 7]","[[1968, 190, 2118, 352], [1926, 339, 2128, 528]]"
640.png,"[1, 1, 1, 1, 1, 1, 1]","[[34, 836, 64, 871], [442, 548, 470, 571], [1138, 825, 1185, 870], [1873, 92, 1907, 126], [2277, 795, 2310, 828], [2286, 963, 2322, 996], [2072, 1441, 2111, 1480]]"
927.png,"[2, 2]","[[1025, 1657, 1107, 1736], [2261, 1758, 2360, 1844]]"
525.png,"[4, 4, 4]","[[731, 1873, 859, 2000], [952, 1605, 1082, 1755], [1603, 1086, 1774, 1195]]"
690.png,"[7, 7]","[[255, 208, 441, 385], [2262, 1734, 2379, 1864]]"
563.png,"[1, 1, 1, 1, 1, 1, 1, 1]","[[465, 1277, 509, 1319], [1289, 1227, 1327, 1264], [2338, 652, 2382, 692], [1508, 654, 1553, 698], [1521, 518, 1554, 555], [1453, 403, 1500, 442], [1365, 435, 1414, 483], [1338, 538, 1386, 586]]"
474.png,"[4, 4, 4, 4, 4]","[[185, 1362, 275, 1503], [265, 1336, 382, 1489], [1740, 496, 1859, 658], [2008, 862, 2122, 1008], [2342, 1010, 2451, 1168]]"
591.png,"[1, 1, 1, 1, 1, 1, 1, 1, 1, 1, 1, 1, 1, 1, 1, 1, 1]","[[39, 286, 72, 319], [396, 283, 430, 309], [455, 225, 488, 264], [520, 73, 547, 110], [627, 638, 659, 669], [310, 944, 352, 984], [727, 1309, 766, 1350], [309, 1559, 339, 1595], [266, 1840, 303, 1882], [274, 1891, 298, 1925], [755, 1864, 788, 1895], [2533, 1896, 2566, 1923], [1141, 1094, 1179, 1134], [1459, 774, 1490, 809], [1877, 939, 1918, 981], [2046, 565, 2080, 595], [1694, 206, 1722, 237]]"
743.png,[7],"[[1132, 1228, 1268, 1365]]"
510.png,"[4, 4, 4, 4]","[[1104, 0, 1285, 98], [1094, 549, 1251, 663], [1184, 869, 1311, 995], [2397, 1343, 2503, 1501]]"
876.png,"[2, 2, 2]","[[261, 600, 339, 677], [1726, 451, 1825, 529], [2721, 716, 2814, 810]]"
596.png,"[1, 1, 1, 1, 1, 1, 1]","[[869, 502, 907, 540], [1188, 566, 1222, 607], [1533, 481, 1572, 519], [1643, 521, 1679, 555], [2449, 1564, 2495, 1607], [1615, 1774, 1654, 1815], [692, 1386, 723, 1413]]"
958.png,"[2, 2]","[[751, 1197, 833, 1273], [2511, 948, 2589, 1041]]"
875.png,"[2, 2, 2, 2, 2]","[[1623, 764, 1721, 838], [22, 1568, 122, 1658], [1945, 1179, 2033, 1265], [2633, 1060, 2721, 1143], [1554, 1839, 1641, 1924]]"
825.png,[3],"[[1907, 796, 1987, 948]]"
803.png,"[3, 3, 3]","[[56, 1416, 168, 1493], [1464, 1781, 1614, 1886], [2240, 1457, 2363, 1570]]"
917.png,"[2, 2, 2]","[[321, 1049, 413, 1151], [266, 1305, 344, 1397], [2622, 474, 2693, 562]]"
838.png,"[3, 3]","[[1050, 670, 1199, 779], [2512, 1636, 2608, 1744]]"
629.png,"[1, 1, 1, 1, 1, 1]","[[1608, 396, 1647, 435], [1555, 507, 1588, 535], [2121, 918, 2172, 965], [2289, 633, 2331, 675], [2737, 977, 2781, 1020], [1648, 1544, 1691, 1574]]"
654.png,"[7, 5]","[[1081, 1025, 1202, 1152], [1649, 949, 1756, 1073]]"
891.png,"[2, 2, 2, 2]","[[1846, 1197, 1946, 1289], [2426, 998, 2506, 1078], [1294, 1724, 1379, 1819], [2471, 1826, 2552, 1888]]"
512.png,"[4, 4, 4, 4]","[[1931, 17, 2044, 163], [295, 900, 433, 1016], [584, 1189, 707, 1324], [222, 1384, 395, 1500]]"
787.png,"[3, 3]","[[0, 296, 92, 362], [926, 827, 1045, 954]]"
873.png,"[2, 2, 2]","[[1603, 760, 1684, 844], [2127, 450, 2214, 532], [221, 1773, 309, 1846]]"
675.png,"[5, 7]","[[39, 1660, 131, 1762], [2736, 303, 2861, 427]]"
829.png,"[3, 3]","[[251, 1639, 351, 1746], [2237, 207, 2368, 270]]"
613.png,"[1, 1, 1, 1]","[[604, 998, 637, 1030], [230, 1233, 266, 1270], [320, 1390, 367, 1432], [2272, 1767, 2317, 1816]]"
786.png,[3],"[[1906, 986, 1994, 1131]]"
438.png,"[0, 0, 0, 0, 0, 0, 0]","[[124, 278, 192, 389], [574, 898, 674, 952], [246, 1344, 314, 1415], [1646, 1194, 1742, 1265], [1896, 1444, 1985, 1500], [1855, 1844, 1942, 1922], [2803, 1600, 2866, 1717]]"
665.png,"[7, 5]","[[1458, 332, 1578, 473], [1462, 1094, 1567, 1222]]"
890.png,"[2, 2, 2, 2, 2]","[[945, 219, 1032, 306], [1542, 234, 1654, 343], [2188, 1125, 2284, 1236], [2632, 811, 2732, 896], [1016, 1762, 1107, 1841]]"
916.png,"[2, 2, 2, 2, 2]","[[840, 291, 932, 372], [156, 841, 256, 921], [1009, 1638, 1082, 1721], [1894, 1629, 1973, 1705], [2231, 1717, 2313, 1789]]"
727.png,"[5, 5, 5, 5, 5]","[[1182, 514, 1298, 633], [2247, 817, 2387, 944], [1004, 1309, 1203, 1498], [2543, 245, 2723, 424], [2631, 77, 2824, 258]]"
765.png,"[3, 3]","[[1254, 1138, 1368, 1219], [1003, 1710, 1103, 1812]]"
758.png,"[3, 3]","[[41, 981, 156, 1048], [1085, 1326, 1227, 1416]]"
583.png,"[1, 1, 1, 1, 1, 1, 1, 1]","[[829, 194, 878, 243], [1983, 629, 2035, 677], [2241, 428, 2271, 469], [1870, 1062, 1914, 1104], [1567, 1450, 1598, 1479], [1417, 1511, 1463, 1559], [906, 1824, 944, 1863], [2303, 814, 2334, 848]]"
930.png,"[2, 2, 2, 2]","[[911, 1006, 992, 1093], [2058, 1116, 2127, 1186], [2439, 1643, 2518, 1730], [332, 1572, 432, 1657]]"
611.png,"[1, 1, 1]","[[680, 1466, 723, 1505], [1145, 1440, 1194, 1489], [2402, 1588, 2462, 1644]]"
505.png,"[4, 4]","[[2152, 753, 2282, 896], [1525, 1807, 1669, 1948]]"
918.png,"[2, 2, 2, 2, 2]","[[251, 1208, 337, 1306], [816, 1003, 908, 1086], [863, 1831, 947, 1906], [2171, 1691, 2258, 1786], [2206, 1872, 2261, 1936]]"
514.png,"[4, 4, 4]","[[498, 1367, 604, 1540], [1670, 1236, 1787, 1400], [1878, 1370, 1997, 1505]]"
760.png,[3],"[[2223, 688, 2342, 777]]"
754.png,[7],"[[723, 1012, 902, 1188]]"
834.png,"[3, 3]","[[1447, 169, 1579, 265], [1301, 1749, 1432, 1806]]"
593.png,"[1, 1, 1, 1, 1, 1, 1]","[[1, 954, 18, 983], [2669, 431, 2701, 463], [1990, 497, 2031, 531], [1953, 692, 1995, 729], [2419, 936, 2462, 973], [2632, 1758, 2671, 1795], [1590, 1784, 1631, 1822]]"
572.png,"[1, 1, 1, 1]","[[1550, 167, 1595, 214], [1002, 446, 1039, 483], [810, 381, 847, 414], [2588, 1120, 2620, 1153]]"
913.png,"[2, 2, 2, 2]","[[1541, 279, 1633, 358], [198, 1246, 293, 1332], [2455, 1383, 2539, 1468], [2255, 1925, 2340, 2001]]"
716.png,"[5, 5]","[[1838, 1567, 1951, 1683], [1913, 1504, 2034, 1620]]"
784.png,"[3, 3, 3]","[[1364, 724, 1474, 805], [423, 1553, 530, 1662], [1668, 1454, 1817, 1551]]"
778.png,[3],"[[2202, 395, 2354, 502]]"
962.png,"[2, 2, 2]","[[1316, 711, 1404, 802], [2207, 954, 2289, 1030], [2052, 1360, 2145, 1438]]"
860.png,"[3, 3, 3]","[[1714, 232, 1798, 372], [2713, 116, 2854, 203], [1961, 1501, 2095, 1619]]"
569.png,"[1, 1, 1]","[[261, 1627, 301, 1665], [1055, 58, 1102, 102], [1116, 750, 1151, 781]]"
788.png,"[3, 3]","[[2033, 520, 2126, 627], [433, 1819, 550, 1896]]"
757.png,"[3, 3, 3]","[[1417, 1006, 1532, 1078], [1363, 1106, 1433, 1206], [1371, 1210, 1471, 1272]]"
885.png,"[2, 2, 2, 2]","[[111, 1125, 198, 1192], [1539, 634, 1617, 705], [2256, 553, 2349, 632], [2763, 143, 2845, 226]]"
824.png,"[3, 3, 3]","[[1117, 1686, 1175, 1813], [1179, 1715, 1254, 1807], [1275, 1819, 1364, 1895]]"
480.png,"[4, 4, 4]","[[392, 258, 575, 383], [1687, 1030, 1845, 1182], [592, 1288, 761, 1405]]"
926.png,"[2, 2, 2]","[[670, 386, 758, 473], [1725, 1443, 1803, 1524], [1547, 1763, 1644, 1853]]"
658.png,"[7, 7, 7, 6]","[[756, 303, 943, 490], [2458, 1545, 2608, 1713], [854, 322, 917, 402], [1691, 1618, 2166, 1982]]"
661.png,"[5, 5, 5, 5, 5, 5, 6, 6, 6, 6]","[[279, 1223, 443, 1379], [504, 1367, 624, 1483], [529, 1104, 614, 1224], [566, 1193, 767, 1359], [723, 1065, 837, 1189], [797, 1163, 946, 1288], [337, 1099, 516, 1254], [606, 1054, 689, 1115], [614, 1113, 702, 1180], [683, 1393, 835, 1540]]"
684.png,[7],"[[869, 1059, 1017, 1199]]"
938.png,"[2, 2, 2, 2, 2]","[[907, 250, 997, 331], [1093, 416, 1177, 516], [952, 1283, 1036, 1395], [1804, 1105, 1893, 1208], [2187, 1913, 2273, 2001]]"
451.png,"[4, 4]","[[1232, 1102, 1388, 1241], [2074, 1802, 2189, 1932]]"
694.png,"[7, 7]","[[53, 254, 227, 428], [2304, 502, 2447, 627]]"
645.png,"[1, 1, 1, 1, 1, 1, 1, 1, 1]","[[150, 174, 192, 214], [2362, 215, 2411, 263], [1893, 278, 1945, 330], [2445, 1055, 2485, 1095], [1580, 1078, 1628, 1123], [2064, 1266, 2109, 1306], [1933, 1555, 1988, 1601], [2272, 1790, 2320, 1842], [1645, 2003, 1697, 2044]]"
667.png,[7],"[[1128, 959, 1248, 1094]]"
725.png,"[7, 7, 7, 5, 5, 7]","[[1773, 177, 1883, 297], [1931, 850, 2061, 944], [1981, 940, 2083, 1029], [1871, 925, 1984, 1049], [1954, 1122, 2067, 1218], [2083, 1349, 2197, 1477]]"
460.png,"[4, 4]","[[379, 1074, 578, 1230], [507, 1336, 661, 1467]]"
794.png,[3],"[[2283, 1093, 2407, 1179]]"
717.png,"[7, 7, 7, 7, 7, 5]","[[596, 323, 722, 469], [676, 255, 789, 392], [754, 338, 877, 468], [769, 210, 876, 338], [846, 177, 1012, 368], [1138, 237, 1306, 382]]"
465.png,"[4, 4, 4, 4]","[[201, 1169, 366, 1274], [1271, 1389, 1380, 1507], [2351, 1527, 2492, 1705], [2637, 217, 2709, 344]]"
790.png,"[3, 3]","[[1916, 1622, 1966, 1752], [2098, 274, 2222, 344]]"
737.png,[7],"[[1413, 494, 1629, 708]]"
656.png,"[5, 5]","[[1803, 37, 1917, 168], [1326, 1895, 1433, 2017]]"
710.png,[7],"[[1367, 582, 1539, 749]]"
608.png,"[1, 1, 1, 1, 1, 1, 1]","[[211, 527, 253, 570], [370, 763, 416, 803], [778, 1486, 816, 1522], [1051, 1331, 1099, 1374], [1261, 1625, 1303, 1669], [1478, 1168, 1517, 1209], [2745, 417, 2790, 455]]"
798.png,"[3, 3]","[[2580, 670, 2693, 815], [2382, 1270, 2474, 1416]]"
610.png,"[1, 1, 1, 1, 1, 1, 1, 1]","[[1659, 28, 1698, 71], [1539, 61, 1578, 97], [2015, 763, 2059, 803], [726, 499, 761, 538], [1591, 726, 1618, 757], [1922, 960, 1949, 984], [836, 1614, 862, 1643], [746, 1214, 776, 1235]]"
467.png,"[4, 4, 4]","[[1066, 1138, 1209, 1302], [1220, 1244, 1360, 1412], [2195, 874, 2365, 1064]]"
779.png,[3],"[[1485, 583, 1635, 693]]"
634.png,"[1, 1, 1, 1, 1]","[[842, 364, 899, 424], [207, 473, 240, 505], [2360, 892, 2409, 939], [2592, 1310, 2629, 1351], [1641, 1632, 1689, 1677]]"
769.png,[3],"[[2198, 1265, 2301, 1365]]"
905.png,"[2, 2, 2]","[[660, 1143, 760, 1235], [2423, 581, 2503, 662], [2788, 1681, 2871, 1772]]"
673.png,"[6, 6, 6, 6, 6, 6, 6, 6, 6, 5, 5, 5, 5, 5]","[[1464, 107, 1576, 238], [1568, 40, 1702, 162], [1571, 154, 1692, 268], [1676, 210, 1797, 347], [1704, 85, 1843, 214], [1878, 33, 1999, 140], [1768, 247, 1919, 384], [1734, 373, 1852, 468], [1849, 394, 1958, 529], [1636, 5, 1851, 77], [2007, 7, 2133, 149], [1958, 149, 2056, 252], [1848, 159, 1952, 275], [2411, 43, 2531, 167]]"
820.png,"[3, 3, 3, 3]","[[2394, 815, 2451, 933], [2701, 1663, 2811, 1728], [701, 746, 790, 841], [168, 630, 231, 726]]"
720.png,[7],"[[1917, 975, 2061, 1143]]"
892.png,"[2, 2, 2]","[[751, 973, 856, 1065], [1289, 846, 1387, 924], [2190, 700, 2278, 783]]"
903.png,"[2, 2, 2, 2]","[[422, 112, 532, 202], [787, 984, 871, 1081], [799, 1945, 882, 2017], [1037, 1978, 1132, 2047]]"
806.png,"[3, 3]","[[1078, 367, 1212, 448], [1128, 739, 1218, 864]]"
774.png,"[3, 3]","[[809, 1026, 925, 1139], [1574, 1378, 1649, 1511]]"
494.png,"[4, 4, 4]","[[1063, 376, 1216, 505], [818, 1650, 925, 1806], [1611, 1098, 1745, 1245]]"
713.png,"[7, 7]","[[842, 578, 1004, 757], [983, 467, 1146, 657]]"
590.png,"[1, 1]","[[635, 535, 685, 585], [1590, 1061, 1640, 1111]]"
845.png,"[3, 3, 3]","[[403, 735, 505, 867], [1618, 94, 1694, 213], [707, 1722, 794, 1776]]"
966.png,"[2, 2, 2, 2, 2, 2]","[[1587, 634, 1665, 722], [1893, 479, 1985, 583], [656, 1670, 726, 1769], [1607, 1883, 1687, 1967], [2139, 1549, 2232, 1640], [2302, 1796, 2394, 1895]]"
516.png,"[4, 4]","[[2327, 41, 2489, 163], [1565, 1634, 1736, 1767]]"
708.png,"[5, 5, 5, 7, 5]","[[1704, 624, 1823, 758], [1961, 523, 2148, 712], [1934, 677, 2089, 847], [2048, 777, 2186, 889], [1847, 1000, 1997, 1149]]"
452.png,"[4, 4, 4, 4]","[[55, 68, 192, 193], [418, 844, 559, 965], [921, 924, 1050, 1049], [1722, 787, 1860, 895]]"
914.png,"[2, 2, 2, 2, 2]","[[287, 1535, 361, 1611], [931, 1798, 1018, 1886], [1413, 824, 1501, 906], [1887, 882, 1968, 959], [2214, 616, 2284, 701]]"
756.png,[7],"[[926, 1450, 1163, 1678]]"
430.png,"[0, 0, 0, 0, 0, 0]","[[918, 130, 1083, 189], [635, 841, 768, 920], [1153, 767, 1292, 828], [948, 1163, 1061, 1265], [1494, 1357, 1579, 1498], [2787, 1515, 2859, 1641]]"
773.png,"[3, 3, 3]","[[377, 962, 493, 1059], [1983, 292, 2125, 382], [1255, 1173, 1379, 1278]]"
463.png,"[4, 4]","[[1920, 711, 2059, 826], [2163, 254, 2275, 363]]"
783.png,"[3, 3]","[[790, 612, 866, 722], [2411, 1321, 2494, 1392]]"
809.png,"[3, 3]","[[769, 1211, 839, 1336], [2445, 1196, 2528, 1327]]"
565.png,"[1, 1]","[[707, 298, 752, 337], [1804, 1568, 1852, 1620]]"
701.png,"[5, 5, 5, 5, 5, 5, 5]","[[505, 1424, 649, 1565], [742, 1493, 943, 1680], [1841, 1214, 1997, 1380], [2269, 723, 2437, 907], [2359, 904, 2499, 1064], [2497, 807, 2669, 978], [2483, 965, 2643, 1112]]"
734.png,"[5, 5]","[[1836, 924, 1984, 1048], [1568, 1325, 1711, 1467]]"
502.png,"[4, 4, 4, 4, 4]","[[387, 27, 494, 162], [1209, 525, 1331, 660], [1882, 953, 2027, 1051], [2725, 496, 2835, 639], [1182, 1759, 1332, 1831]]"
833.png,[3],"[[1569, 498, 1674, 624]]"
466.png,"[4, 4]","[[1576, 1246, 1711, 1398], [317, 1731, 504, 1872]]"
555.png,"[1, 1, 1]","[[630, 1018, 677, 1064], [788, 1102, 825, 1135], [169, 561, 205, 598]]"
642.png,"[1, 1, 1]","[[634, 1928, 675, 1968], [1491, 524, 1537, 568], [892, 447, 928, 480]]"
839.png,"[3, 3]","[[1588, 1429, 1778, 1531], [2682, 1246, 2745, 1338]]"
550.png,"[1, 1, 1, 1, 1, 1]","[[142, 573, 174, 606], [193, 17, 240, 62], [2176, 669, 2219, 711], [1693, 673, 1725, 709], [1177, 1806, 1224, 1858], [2652, 1861, 2684, 1896]]"
811.png,"[3, 3]","[[1020, 146, 1103, 274], [850, 1732, 959, 1812]]"
908.png,"[2, 2]","[[692, 382, 789, 482], [1758, 543, 1865, 639]]"
551.png,"[1, 1, 1, 1, 1, 1, 1, 1, 1, 1]","[[1528, 0, 1576, 34], [638, 296, 684, 340], [1003, 664, 1045, 707], [1985, 914, 2023, 958], [1934, 1061, 1963, 1088], [1300, 1072, 1332, 1104], [1992, 1672, 2037, 1718], [1100, 1677, 1140, 1714], [217, 1412, 255, 1448], [129, 1929, 172, 1972]]"
604.png,"[1, 1, 1, 1, 1]","[[316, 1827, 363, 1871], [1138, 595, 1184, 643], [1001, 1118, 1046, 1153], [1832, 1004, 1863, 1044], [2706, 723, 2740, 758]]"
822.png,"[3, 3]","[[88, 792, 161, 921], [1883, 1126, 2017, 1226]]"
605.png,"[1, 1, 1, 1, 1, 1]","[[687, 925, 729, 961], [954, 1429, 990, 1464], [1941, 1274, 1987, 1324], [1558, 724, 1603, 761], [2538, 303, 2577, 338], [985, 1, 1025, 32]]"
532.png,"[4, 4, 4, 4, 4, 4]","[[541, 679, 698, 815], [1832, 168, 2008, 341], [2790, 369, 2879, 503], [1937, 939, 2092, 1074], [1539, 1507, 1670, 1677], [597, 1593, 722, 1744]]"
812.png,"[3, 3]","[[484, 489, 630, 569], [1318, 674, 1439, 778]]"
600.png,"[1, 1, 1, 1, 1, 1, 1]","[[534, 1387, 567, 1420], [888, 1215, 932, 1260], [749, 1021, 780, 1054], [915, 760, 943, 791], [848, 151, 891, 195], [1828, 1204, 1864, 1239], [1853, 1239, 1882, 1261]]"
960.png,"[2, 2, 2, 2]","[[556, 263, 652, 349], [183, 1038, 264, 1116], [1313, 1100, 1390, 1174], [1990, 243, 2054, 322]]"
606.png,"[1, 1, 1, 1, 1, 1, 1, 1]","[[301, 1091, 342, 1131], [492, 915, 531, 958], [788, 708, 828, 751], [1015, 465, 1061, 511], [1345, 71, 1378, 110], [1781, 752, 1812, 783], [2273, 550, 2315, 592], [2800, 1503, 2837, 1546]]"
923.png,"[2, 2]","[[599, 1040, 670, 1124], [2406, 807, 2482, 876]]"
867.png,"[2, 2, 2, 2]","[[542, 1255, 627, 1344], [1587, 1112, 1664, 1189], [2398, 1502, 2470, 1572], [2513, 1749, 2603, 1840]]"
462.png,"[4, 4]","[[590, 892, 741, 997], [2118, 878, 2252, 1031]]"
521.png,"[4, 4]","[[1816, 535, 1956, 702], [914, 1370, 1094, 1501]]"
648.png,"[1, 1, 1, 1, 1, 1, 1]","[[613, 85, 651, 126], [200, 614, 240, 647], [227, 1157, 263, 1193], [768, 1209, 809, 1253], [1155, 1676, 1194, 1722], [2464, 1321, 2497, 1356], [2391, 1864, 2435, 1905]]"
884.png,"[2, 2, 2]","[[837, 674, 917, 755], [1255, 1050, 1333, 1122], [569, 1230, 659, 1319]]"
651.png,"[1, 1, 1, 1, 1, 1]","[[1146, 222, 1186, 261], [992, 293, 1025, 324], [1534, 814, 1568, 850], [406, 951, 443, 989], [728, 1077, 768, 1114], [1540, 1763, 1585, 1807]]"
578.png,"[1, 1, 1, 1, 1]","[[515, 53, 549, 88], [484, 376, 522, 415], [2731, 102, 2766, 137], [1817, 1772, 1865, 1820], [1316, 1627, 1346, 1660]]"
491.png,"[4, 4, 4, 4, 4, 4]","[[1669, 468, 1787, 616], [1961, 1115, 2045, 1246], [2321, 1311, 2465, 1431], [1195, 1402, 1336, 1524], [1530, 1819, 1680, 1929], [1637, 1897, 1793, 1988]]"
473.png,"[4, 4]","[[1063, 521, 1256, 720], [711, 906, 874, 1060]]"
664.png,"[7, 7]","[[36, 124, 204, 334], [323, 630, 483, 782]]"
633.png,"[1, 1, 1, 1, 1, 1, 1]","[[516, 1407, 566, 1454], [432, 1776, 470, 1816], [896, 1332, 929, 1364], [1876, 1667, 1907, 1700], [2162, 1532, 2205, 1570], [1907, 929, 1940, 961], [2807, 581, 2838, 618]]"
887.png,"[2, 2]","[[342, 144, 458, 254], [1959, 1201, 2084, 1315]]"
576.png,"[1, 1, 1, 1, 1, 1, 1, 1, 1, 1]","[[433, 98, 479, 138], [379, 180, 418, 219], [1501, 302, 1537, 333], [2166, 1, 2206, 20], [624, 902, 661, 940], [430, 1804, 473, 1841], [2627, 633, 2657, 663], [2816, 935, 2861, 980], [2473, 1255, 2514, 1290], [2283, 1571, 2326, 1611]]"
659.png,[7],"[[807, 979, 1022, 1178]]"
880.png,"[2, 2, 2]","[[446, 662, 540, 749], [941, 860, 1054, 960], [1946, 1644, 2036, 1726]]"
763.png,[3],"[[770, 1062, 935, 1145]]"
738.png,"[7, 7, 7, 7, 7, 7, 6, 6, 7, 7, 7, 7, 7, 7, 5, 5, 6, 6, 6, 6]","[[1048, 605, 1153, 693], [1236, 483, 1421, 640], [1236, 633, 1457, 813], [1066, 688, 1229, 840], [1092, 934, 1238, 1065], [1089, 1074, 1223, 1185], [1221, 812, 1318, 895], [1217, 899, 1353, 988], [1834, 568, 1953, 677], [1883, 757, 2002, 873], [1812, 873, 1967, 1034], [1966, 884, 2081, 1010], [1243, 1505, 1353, 1624], [1614, 1535, 1729, 1632], [1564, 860, 1661, 972], [1441, 957, 1532, 1042], [1654, 602, 1769, 719], [1723, 1229, 1833, 1334], [1473, 560, 1587, 713], [1854, 1273, 1967, 1400]]"
